Model,Coverage,Width,MAE
QRA + Conformal,1.0,61330.364822032985,6831.53430501349
